id,filename,title,caption,people,location,sublocation,community,province,year,dimensions,hour_rating,issue_types
photo_100,Henri garden.jpg,Henri harvesting potatos (1944),,Lafferty; Potatos; Henri Derosiers Lafferty,,,,,1944,1417,2048,,empty_caption
photo_101,Lafferty grandpa ernestine mercredi, emil tralnberg.jpg,Family Picture Stony Rapids (1944),,Lafferty; Jeannette Lafferty; Dorothy Lafferty Cumming; Alida Lafferty Phaneuf; Henri Derosiers Lafferty,Stony Rapids, Saskatchewan,,Stony Rapids,Saskatchewan,1944,2048,1323,,empty_caption
photo_103,Wendy Sikora_22.jpg,Smiling by the water,,Lafferty; Germaine Lafferty,Stony Rapids, Saskatchewan, Canada,,Stony Rapids,Saskatchewan,1945,2048,1237,,empty_caption
photo_104,a-F1000052-alphonse magloire and gerry.jpg,A-f1000052-alphonse Magloire And Gerry,,Lafferty; Germaine Lafferty; Magloire Lafferty; Jean Louis Lafferty,Stony Rapids,,Stony Rapids,,1945,1385,2048,,empty_caption
photo_105,a-plane.jpg,Anne, Agatha, Henri and his dog team (1945),,Annetoinette Lafferty Gately; Plane; Lafferty; Henri Derosiers Lafferty; Agatha Lafferty Kerr,Stony Rapids,,Stony Rapids,,1945,2048,1341,,empty_caption
photo_106,gerry and anne 1945.jpg,Boat Ride,Anne and Germaine get ready for a a boat ride.,Annetoinette Lafferty Gately; Germain Mercredi; Germaine Lafferty; Lafferty,Stony Rapids, Saskatchewan, Canada,,Stony Rapids,Saskatchewan,1945,2048,1260,,duplicate_title
photo_107,henri guttingfish.jpg,Henri filleting fish (1945),,Fish; Henri Derosiers Lafferty; Lafferty,Stony Rapids, Saskatchewan,,Stony Rapids,Saskatchewan,1945,2048,1675,,empty_caption
photo_108,stony school - 1945.jpg,Stony Rapids School ca. 1945,,Lafferty; Classroom; School house,Stony Rapids, Saskatchewan, Canada,,Stony Rapids,Saskatchewan,1945,2048,1581,,empty_caption
photo_117,Lafferty family uncle leon willie and blanche mercredi.jpg,Lafferty Family,,Lafferty; Alida Lafferty Phaneuf; Marie Lafferty Tralnberg; Marie Madeleine Mercredi Lafferty; Henri Derosiers Lafferty,Stony Rapids, Saskatchewan, Canada,,Stony Rapids,Saskatchewan,1950,2048,1482,,empty_caption
photo_120,Wendy Sikora_12.jpg,The Lafferty girls,Photo of Agatha, Annetoinette and Alida in front of the family home.,Lafferty; birthday cake,Stony Rapids, Saskatchewan, Canada,,Stony Rapids,Saskatchewan,1950,1655,2048,,duplicate_title
photo_121,Wendy Sikora_3.jpg,Germaine strikes a pose,Germiane Lafferty poses for a portrait.,Lafferty; Germaine Lafferty,Saskatoon, Saskatchewan, Canada,,Saskatoon,Saskatchewan,1950,1229,2048,,duplicate_title
photo_124,Wendy Sikora_15.jpg,The Lafferty women,,Annetoinette Lafferty Gately; Alida Lafferty Phaneuf; Celine Lafferty Aaron; Brenda Gately; Germaine Lafferty; Gordon Kerr; Margaret Lafferty Beveridge; Dorothy Lafferty Cumming; Lafferty; Agatha Lafferty Kerr,,,,,1952,2048,1227,,empty_caption
photo_125,Wendy Sikora_19.jpg,The Lafferty Women,Photo of Germaine, Agatha, Alida, Celine & Dorothy in the front doorway.,Lafferty; Celine Lafferty Aaron; Alida Lafferty Phaneuf; Dorothy Lafferty Cumming; Germaine Lafferty; Agatha Lafferty Kerr,,,,,1952,1272,2048,,duplicate_title
photo_13,14.jpg,14.jpg,,,,,,,1913,950,2048,,empty_caption
photo_14,Daniel cousins-fred and john james daniels.jpg,Fred and John James Daniels,,,,,,,1913,2048,1440,,empty_caption
photo_140,Wendy Sikora_13.jpg,Annetoinette's Wedding,Annetoinette and Eric Gately on their wedding. C. 1950,Lafferty; Eric Gately; Pat Gately; Annetoinette Lafferty Gately; Agatha Lafferty Kerr,Winnipeg, Manitoba, Canada,,Winnipeg,Manitoba,1955,2048,1195,,duplicate_title
photo_142,Wendy Sikora_2.jpg,Annetoinette's Wedding,Annetoinette and Eric Gately on their wedding. C. 1950,Lafferty; Eric Gately; Annetoinette Lafferty Gately,Winnipeg, Manitoba, Canada,,Winnipeg,Manitoba,1955,2048,1293,,duplicate_title
photo_143,Wendy Sikora_20.jpg,Annetoinette's Wedding,Annetoinette and Eric Gately on their wedding. C. 1950,Lafferty; Eric Gately; Pat Gately; Annetoinette Lafferty Gately; Agatha Lafferty Kerr,,,,,1955,2048,1230,,duplicate_title
photo_144,Wendy Sikora_21.jpg,Annetoinette's Wedding,Annetoinette Lafferty on her wedding day.,Annetoinette Lafferty Gately; Lafferty,Winnipeg, Manitoba, Canada,,Winnipeg,Manitoba,1955,1203,2048,,duplicate_title
photo_146,Wendy Sikora_27.jpg,Germaine strikes a pose,Germaine poses for a photo on the front sidewalk,Lafferty; Germaine Lafferty,Saskatoon, Saskatchewan, Canada,,Saskatoon,Saskatchewan,1955,2048,1373,,duplicate_title
photo_15,Gerry at fort smith with who.jpg,Germiane Lafferty and friend riding the stuffed buffalo at Fort,,Lafferty; Germaine Lafferty,Fort Smith,,Fort Smith,,1913,1203,2048,,empty_caption
photo_150,Wendy Sikora_39.jpg,Annetoinette's Wedding,Annetoinette and Eric Gately on their wedding. C. 1950,Lafferty; Annetoinette Lafferty Gately,Winnipeg, Manitoba, Canada,,Winnipeg,Manitoba,1955,2048,1240,,duplicate_title
photo_151,Wendy Sikora_43.jpg,Annetoinette's Wedding,,Lafferty; Eric Gately; Annetoinette Lafferty Gately,Winnipeg, Manitoba, Canada,,Winnipeg,Manitoba,1955,2048,1243,,duplicate_title;empty_caption
photo_16,Henri cigar.jpg,Henri with a cigar,,Lafferty; Porch; Henri Derosiers Lafferty; Cigar,,,,,1913,1210,2048,,empty_caption
photo_177,Wendy Sikora_23.jpg,Lafferty Family Picnic,The Lafferty family gets together for a picnic.,Annetoinette Lafferty Gately; Keith Muncey; Eric Gately; Gorodon Kerr; Lafferty; Celine Lafferty Aaron; Brenda Gately; Len Kerr; Dorothy Lafferty Cumming; Margaret Lafferty Beveridge; Alida Lafferty Phaneuf; Marie Madeleine Mercredi Lafferty; Agatha Lafferty Kerr,Saskatoon, Saskatchewan, Canada,,Saskatoon,Saskatchewan,1963,2048,1322,,duplicate_title
photo_179,Wendy Sikora_25.jpg,Lafferty Family Picnic,The Lafferty family gets together for a picnic.,Lafferty; Len Kerr; Eric Gately; Gordon Kerr; Annetoinette Lafferty Gately; Margaret Lafferty Beveridge; Dorothy Lafferty Cumming; Keith Muncey; Agatha Lafferty Kerr,Saskatoon, Saskatchewan, Canada,,Saskatoon,Saskatchewan,1963,2048,1187,,duplicate_title
photo_18,Lafferty family 3.jpg,The Lafferty Family,Lafferty Family poses for a photo. c. 1925,Lafferty; Jeannette Lafferty; Celine Lafferty Aaron; Dorothy Lafferty Cumming; Alida Lafferty Phaneuf; Marie Madeleine Mercredi Lafferty; Agatha Lafferty Kerr,Stony Rapids, Saskatchewan, Canada,,Stony Rapids,Saskatchewan,1913,2048,1210,,duplicate_title
photo_180,Wendy Sikora_28.jpg,Lafferty Family Picnic,The Lafferty family gets together for a picnic.,Annetoinette Lafferty Gately; Eric Gately; Jeannette Lafferty; Lafferty; Margaret Lafferty Beveridge; Dorothy Lafferty Cumming; Marie Madeleine Mercredi Lafferty; Agatha Lafferty Kerr,Saskatoon, Saskatchewan, Canada,,Saskatoon,Saskatchewan,1963,2048,1267,,duplicate_title
photo_19,Lafferty family 4.jpg,The Lafferty Family,The Lafferty family poses for a photo in front of their family home.,Lafferty; Jeannette Lafferty; Magloire Lafferty; Marie Madeleine Mercredi Lafferty; Nelda Lafferty; Alida Lafferty Phaneuf; Germaine Lafferty; Rosanna Mercredi Lafferty; Celine Lafferty Aaron; Dorothy Lafferty Cumming; Henri Derosiers Lafferty; Alphonse Lafferty,Stony Rapids, Manitoba, Canada',,Stony Rapids,Manitoba,1913,2048,1355,,duplicate_title
photo_195,girls-choir.jpg,Duck Bay Christmas Concert 1965,Left ?; Adele Ledoux; Audrey Sutherland; Angela Pelltier (sp?) ; Agnes Parenteu; ? ; ?; Janet Thompson; ?,,Duck Bay, Manitoba, Canada,,Duck Bay,Manitoba,1965,2016,2048,,duplicate_title
photo_196,girls.jpg,Duck Bay Christmas Concert 1965,,,Duck Bay Church Hall, Duck Bay, Manitoba, Canada,Duck Bay Church Hall,Duck Bay,Manitoba,1965,1958,2048,,duplicate_title;empty_caption
photo_197,grandma lafferty - formal.jpg,Portrait of Marie Madeleine Mercredi Lafferty,,Lafferty; Marie Madeleine Mercredi Lafferty,,,,,1965,1590,2048,,empty_caption
photo_200,Wendy Sikora_14.jpg,Family Picnic,Lafferty family picnic,Lafferty; Eugene Phaneuf; Henri Derosiers Lafferty; Marie Madeleine Mercredi Lafferty; Alphonse Lafferty,Stony Rapids, Saskatchewan, Canada,,Stony Rapids,Saskatchewan,1966,2024,2048,,duplicate_title
photo_201,Wendy Sikora_16.jpg,Family Picnic,Lafferty family picnic,Lafferty; Wendy Phaneuf Sikora; Eugene Phaneuf; Henri Derosiers Lafferty; Marie Madeleine Mercredi Lafferty; Eric Gately; Real Phaneuf; Alphonse Lafferty,,,,,1966,2024,2048,,duplicate_title
photo_202,Wendy Sikora_17.jpg,Family Picnic,Lafferty family picnic,Germaine Lafferty; Eric Gately; Lafferty; Diane Gately; Elizabeth Mercredi Lafferty; Alphonse Lafferty,,,,,1966,2048,2040,,duplicate_title
photo_21,gerry.jpg,Germaine Lafferty,,Germaine Lafferty; Lafferty,Fort Smith,,Fort Smith,,1913,1844,2048,,duplicate_title;empty_caption
photo_219,20260829 Winnipeg regional meeting 2026 1.jpg,Winnipeg Regional Meeting 2026 1,,Harve Ducharme; Ducharme; Emile Ducharme; Marie Ducharme; Lorette Ducharme; Tom Ducharme,,,,,1977,4629,3301,,empty_caption;filename_title
photo_22,house xx family.jpg,House Xx Family,,,,,,,1913,2048,1198,,empty_caption
photo_220,a-grandma 80.jpg,Marie Mercredi Lafferty (1975),,Lafferty; Marie Madeleine Mercredi Lafferty,,,,,1977,1398,2048,,empty_caption
photo_222,Lesley_Kellemen_3.jpg,Lesley Kellemen 3,1983,Leslie Edward Parisian,,,,,1983,2048,1865,,short_caption
photo_230,20260515 JoanHadfield 27.jpg,Hadfield Family,,Hadfield,,,,,1990,2048,1391,,empty_caption
photo_231,20260515 JoanHadfield 28.jpg,Joanhadfield 28,,Hadfield,Selkirk, Manitoba, Canada,,Selkirk,Manitoba,1990,2048,1377,,empty_caption
photo_234,20260417 AlfredAnderson 33.jpg,Alfredanderson 33,,,Selkirk Park, Selkirk, Manitoba, Canada,Selkirk Park,Selkirk,Manitoba,2007,2048,1451,,empty_caption
photo_235,20260417 AlfredAnderson 38.jpg,Alfredanderson 38,,,Selkirk Park, Selkirk, Manitoba, Canada,Selkirk Park,Selkirk,Manitoba,2007,2048,1361,,empty_caption
photo_236,20260417 AlfredAnderson 40.jpg,Alfredanderson 40,,,Selkirk Park, Selkirk, Manitoba, Canada,Selkirk Park,Selkirk,Manitoba,2007,2048,1413,,empty_caption
photo_237,20260417 AlfredAnderson 41.jpg,Alfredanderson 41,,,Selkirk Park, Selkirk, Manitoba, Canada,Selkirk Park,Selkirk,Manitoba,2007,2048,1458,,empty_caption
photo_238,20260417 AlfredAnderson 42.jpg,Alfredanderson 42,,Alfred Anderson,,,,,2007,2048,1336,,empty_caption
photo_239,20260417 AlfredAnderson 43.jpg,Alfredanderson 43,,Alfred Anderson; Jack Park,Selkirk Park, Selkirk, Manitoba, Canada,Selkirk Park,Selkirk,Manitoba,2007,2048,1390,,empty_caption
photo_24,Fr Lafferty w cousin Michel 1.jpg,Napoleon Lafferty OMI with his Cousin Michel (1915),,Napoleon Lafferty; Lafferty,Fort Rae, Northwest Territories, Canada,,Fort Rae,Northwest Territories,1915,2048,1232,,empty_caption
photo_240,20260417 AlfredAnderson 45.jpg,Alfredanderson 45,,Alfred Anderson; Jack Park,Selkirk Park, Selkirk, Manitoba, Canada,Selkirk Park,Selkirk,Manitoba,2007,2048,1325,,empty_caption
photo_241,20260417 AlfredAnderson 47.jpg,Alfredanderson 47,,,,,,,2007,2048,1338,,empty_caption
photo_242,daniel cousins (2).jpg,Daniel Cousins (2),,Lafferty,,,,,2007,2048,1523,,empty_caption
photo_243,marierose and kid.jpg,Isadore and Marie Rose,,Isadore Mercredi; Marie Rose Lafferty Mercredi; Lafferty,Fort Chipewyan,,Fort Chipewyan,,2007,921,2048,,empty_caption
photo_245,20260417 AlfredAnderson 28.jpg,Alfredanderson 28,,,Selkirk Park, Selkirk, Manitoba, Canada,Selkirk Park,Selkirk,Manitoba,2008,2048,1391,,empty_caption
photo_246,20260417 AlfredAnderson 29.jpg,The Asham Stompers at Selkirk Park 2008,The Asham Stompers entertain the crowd at Selkirk Park.,Dancing; Dance; Asham Stompers,Selkirk Park, Selkirk, Manitoba, Canada,Selkirk Park,Selkirk,Manitoba,2008,2048,1377,,duplicate_title
photo_247,20260417 AlfredAnderson 30.jpg,The Asham Stompers at Selkirk Park 2008,The Asham Stompers entertain the crowd at Selkirk Park.,Dancing; Dance; Asham Stompers,Selkirk Park, Selkirk, Manitoba, Canada,Selkirk Park,Selkirk,Manitoba,2008,2048,1354,,duplicate_title
photo_248,20260417 AlfredAnderson 31.jpg,The Asham Stompers at Selkirk Park 2008,The Asham Stompers entertain the crowd at Selkirk Park.,,Selkirk Park, Selkirk, Manitoba, Canada,Selkirk Park,Selkirk,Manitoba,2008,2048,1392,,duplicate_title
photo_249,20260417 AlfredAnderson 32.jpg,Alfredanderson 32,,,Selkirk Park, Selkirk, Manitoba, Canada,Selkirk Park,Selkirk,Manitoba,2008,2048,1402,,empty_caption
photo_25,Henri.jpg,Henri Lafferty (1915),,Lafferty; Henri Derosiers Lafferty,Fort Chipewyan, Alberta,,Fort Chipewyan,Alberta,1915,1393,2048,,empty_caption
photo_250,20260417 AlfredAnderson 34.jpg,The Asham Stompers at Selkirk Park 2008,The Asham Stompers entertain the crowd at Selkirk Park.,Dancing; Dance; Asham Stompers,Selkirk Park, Selkirk, Manitoba, Canada,Selkirk Park,Selkirk,Manitoba,2008,2048,1364,,duplicate_title
photo_251,20260417 AlfredAnderson 35.jpg,The Asham Stompers at Selkirk Park 2008,The Asham Stompers entertain the crowd at Selkirk Park.,Dancing; Dance; Asham Stompers,Selkirk Park, Selkirk, Manitoba, Canada,Selkirk Park,Selkirk,Manitoba,2008,2048,1412,,duplicate_title
photo_252,20260417 AlfredAnderson 36.jpg,The Asham Stompers at Selkirk Park 2008,The Asham Stompers entertain the crowd at Selkirk Park.,Dancing; Dance; Asham Stompers,Selkirk Park, Selkirk, Manitoba, Canada,Selkirk Park,Selkirk,Manitoba,2008,2048,1406,,duplicate_title
photo_253,20260417 AlfredAnderson 37.jpg,The Asham Stompers at Selkirk Park 2008,The Asham Stompers entertain the crowd at Selkirk Park.,Dancing; Dance; Asham Stompers,Selkirk Park, Selkirk, Manitoba, Canada,Selkirk Park,Selkirk,Manitoba,2008,2048,1458,,duplicate_title
photo_254,Beaulieu Kookums brothers jean baptise and pierre.jpg,Jean Baptise and Pierre Beaulieu,,,,,,,2009,1510,2048,,empty_caption
photo_26,frlafferty - desrosiers.jpg,Father Lafferty and his cousin (1915),,Lafferty; Father Lafferty,Fort Rae, Northwest Territories, Canada,,Fort Rae,Northwest Territories,1915,1389,2048,,empty_caption
photo_260,girls-2.jpg,The Lafferty girls,The Lafferty girls pose for a photo in front of the family home in Stony Rapids.,Lafferty,Stony Rapids, Manitoba, Canada,,Stony Rapids,Manitoba,2009,2048,1327,,duplicate_title
photo_266,20260417 AlfredAnderson 50.jpg,Alfredanderson 50,,,Selkirk Park, Selkirk, Manitoba, Canada,Selkirk Park,Selkirk,Manitoba,2011,2048,1450,,empty_caption
photo_267,Stemadeleine_01.jpg,Red River Cart metalwork,Metalwork of a Red River cart on Jules Brazeau's property San Clara.,Jules Brazeau,San Clara, Manitoba, Canada,,San Clara,Manitoba,2012,2048,1357,,duplicate_title
photo_268,Stemadeleine_02.jpg,Stemadeleine 02,,Jules Brazeau,San Clara, Manitoba, Canada,,San Clara,Manitoba,2012,2048,1344,,empty_caption
photo_269,Stemadeleine_03.jpg,Red River Cart,Red River cart built by Jules Brazeau. 2012,Jules Brazeau,San Clara, Manitoba, Canada,,San Clara,Manitoba,2012,2048,1374,,duplicate_title
photo_270,Stemadeleine_04.jpg,Red River Cart,Red River cart built by Jules Brazeau. 2012,Jules Brazeau,San Clara, Manitoba, Canada,,San Clara,Manitoba,2012,2048,1358,,duplicate_title
photo_271,Stemadeleine_05.jpg,Red River Cart metalwork,Metalwork of a Red River cart on Jules Brazeau's property San Clara.,Jules Brazeau,San Clara, Manitoba, Canada,,San Clara,Manitoba,2012,2048,1374,,duplicate_title
photo_273,Stemadeleine_07.jpg,Constructing the rifle stock,Fabricating a rifle stock at Jules Brazeau's workshop in San Clara MB.,Hunting; Art; Rifle; Jules Brazeau,San Clara, Manitoba, Canada,,San Clara,Manitoba,2012,2048,1357,,duplicate_title
photo_274,Stemadeleine_08.jpg,Handcrafted Rifles,Two rifles, handcrafted by Jules Brazeau in San Clara MB. 2012,Hunting; Art; Rifle; Jules Brazeau,San Clara, Manitoba, Canada,,San Clara,Manitoba,2012,2048,1368,,duplicate_title
photo_276,Stemadeleine_10.jpg,Red River Cart,Red River cart built by Jules Brazeau. 2012,Jules Brazeau,San Clara, Manitoba, Canada,,San Clara,Manitoba,2012,2048,1350,,duplicate_title
photo_277,Stemadeleine_11.jpg,Constructing the rifle stock,Fabricating a rifle stock at Jules Brazeau's workshop in San Clara MB.,Hunting; Art; Rifle; Jules Brazeau,San Clara, Manitoba, Canada,,San Clara,Manitoba,2012,2048,1353,,duplicate_title
photo_278,Stemadeleine_12.jpg,Handcrafted Rifles,Two rifles, handcrafted by Jules Brazeau in San Clara MB. 2012,Hunting; Art; Rifle; Jules Brazeau,San Clara, Manitoba, Canada,,San Clara,Manitoba,2012,2048,1378,,duplicate_title
photo_281,20260417 AlfredAnderson 44.jpg,Alfredanderson 44,,Jack Park; Alfred Anderson,,,,,2015,2048,1289,,empty_caption
photo_282,20260417 AlfredAnderson 46.jpg,Alfredanderson 46,,Jack Park; Alfred Anderson,,,,,2015,1252,2048,,empty_caption
photo_283,20260417 AlfredAnderson 48.jpg,Alfredanderson 48,,Jack Park; Alfred Anderson,,,,,2015,2048,1399,,empty_caption
photo_284,20260417 AlfredAnderson 49.jpg,Alfredanderson 49,,Jack Park; Alfred Anderson,,,,,2015,2048,1403,,empty_caption
photo_287,DSC_0020.jpg,Roger and Rita's 55 wedding anniversary,Lynn Hupe, Rose Ward, Rita Hupe, Roger Hupe and May Hupe.,Lynn Hupe; May Hupe; Roger Hupe; Rita Hupe; Rose Ward,Winnipeg, Manitoba, Canada,,Winnipeg,Manitoba,2020,2048,1360,,duplicate_title
photo_288,DSC_0021.jpg,Roger and Rita's 55 wedding anniversary,Rebecca Hupe, her spouse Tyler Goering, Rose Ward, Rose's spouse Roland Ward, Sonja Ward, Roger Hupe, Rita Hupe, Lynn Hupe, May Hupe, Celeste Rivera, Damien Grada and Sophia Rivera.,Tyler Goering; Rebecca Hupe; Sonja Ward; May Hupe; Roger Hupe; Rose Ward; Celeste Rivera; Lynn Hupe; Rita Hupe; Sophia Rivera.; Damien Grada; Roland Ward,Winnipeg, Manitoba, Canada,,Winnipeg,Manitoba,2020,2048,1371,,duplicate_title
photo_29,Mushum and henri back left Lac St Anne.jpg,Henri and Germain in Lac St. Anne,,Germain Mercredi; Henri Derosiers Lafferty; Lafferty,Lac St. Anne,,Lac St. Anne,,1920,1282,2048,,empty_caption
photo_295,Henri roasting weenies.jpg,Henri starts a fire,,Lafferty; Henri Derosiers Lafferty,Stony Rapids, Saskatchewan, Canada,,Stony Rapids,Saskatchewan,2025,2048,1172,,empty_caption
photo_296,IMG_1179.jpg,Citizens of the Prairie Bison Local 2025,Citizens of Prairie Bison local pose with their sash. October 27, 2025,,St. Mary's Academy, Winnipeg, Manitoba, Canada,St. Mary's Academy,Winnipeg,Manitoba,2025,2048,1161,,duplicate_title
photo_297,IMG_1294.jpg,Wendy shares her family's story,Gail Hargreaves shares her family's story for the Red River Métis  Shoebox,Lafferty; Wendy Sikora; Sikora,Winnipeg, Manitoba, Canada,200 Main St.,Winnipeg,Manitoba,2025,1313,2048,,duplicate_title
photo_298,IMG_1295.jpg,Wendy shares her family's story,Gail Hargreaves shares her family's story for the Red River Métis  Shoebox,Lafferty; Wendy Sikora; Sikora,Winnipeg, Manitoba, Canada,200 Main St.,Winnipeg,Manitoba,2025,1415,2048,,duplicate_title
photo_299,IMG_1346.jpg,Oliver Boulette entertains,Oliver Boulette entertains the guest of the RRMBDC Gala Nov 28, 2025.,,Fort Gary Hotel, Winnipeg, Manitoba, Canada,Fort Gary Hotel,Winnipeg,Manitoba,2025,2048,1366,,duplicate_title
photo_3,fond du lac 29 june 1893 hcb trading post jb tyrrell 0001-4-0.jpg,Fond Du Lac 29 June 1893 Hcb Trading Post Jb Tyrrell 0001-4-0,,,Fond Du Lac, Manitoba, Canada,,Fond Du Lac,Manitoba,1893,2048,1544,,empty_caption
photo_301,IMG_1385.jpg,President and Curator,MMF President David Chartrand discusses the ancestral works  from the Grandmothers collection on display at the RRMBDC gala November 28, 2025.,,Fort Gary Hotel, Winnipeg, Manitoba, Canada,Fort Gary Hotel,Winnipeg,Manitoba,2025,1365,2048,,duplicate_title
photo_302,IMG_1386.jpg,President and Curator,MMF President David Chartrand discusses the ancestral works  from the Grandmothers collection on display at the RRMBDC gala November 28, 2025.,,Fort Gary Hotel, Winnipeg, Manitoba, Canada,Fort Gary Hotel,Winnipeg,Manitoba,2025,1365,2048,,duplicate_title
photo_303,IWS 2.jpg,Louis Riel Day 2025,,Mark Carney,Louis Riel Gravesite, Winnipeg, Manitoba, Canada,Louis Riel Gravesite,Winnipeg,Manitoba,2025,2048,1824,,duplicate_title;empty_caption
photo_305,Lesley_Kellemen_4.jpg,Lesley Kellemen 4,,Leslie Edward Parisian,,,,,2025,1189,2048,,empty_caption
photo_306,Lesley_Kellemen_6.jpg,Lesley Kellemen 6,,,,,,,2025,1536,2048,,empty_caption
photo_31,tbi2.jpg,Family photo ca. 1920,,,,,,,1920,2048,1164,,empty_caption
photo_310,Lynda Monkman_7.jpg,Lynda Monkman 7,,,,,,,2025,2048,1399,,empty_caption
photo_311,Maries 1st  communion.jpg,Marie's first communion,,Lafferty,,,,,2025,2048,1177,,empty_caption
photo_312,Minister Anderson, Minister Park 2.jpg,Louis Riel Day 2025,Ministers Jack Park and Alfred Anderson Louis Riel day November 16, 2025.,Alfred Anderson; Jack Park,Louis Riel Gravesite, Winnipeg, Manitoba, Canada,Louis Riel Gravesite,Winnipeg,Manitoba,2025,1484,2048,,duplicate_title
photo_313,Minister Anderson, Minister Park.jpg,Louis Riel Day 2025,Ministers Jack Park and Alfred Anderson Louis Riel day November 16, 2025.,Mark Carney; Alfred Anderson; Jack Park,Louis Riel Gravesite, Winnipeg, Manitoba, Canada,Louis Riel Gravesite,Winnipeg,Manitoba,2025,1612,2048,,duplicate_title
photo_314,Minister Beaudin, Minister Remillard, Minister Carrier 2.jpg,Louis Riel Day 2025,Ministers David Beaudin, JoAnne Remillard and Andrew Carrier Louis Riel day November 16, 2025.,Mark Carney; JoAnn Remillard; David Beaudin; Andrew Carrier,Louis Riel Gravesite, Winnipeg, Manitoba, Canada,Louis Riel Gravesite,Winnipeg,Manitoba,2025,2048,1820,,duplicate_title
photo_315,Minister Beaudin, Minister Remillard, Minister Carrier.jpg,Louis Riel Day 2025,Ministers David Beaudin, JoAnne Remillard and Andrew Carrier Louis Riel day November 16, 2025.,Andrew Carrier; JoAnn Remillard; Mark Carney; David Beaudin,Louis Riel Gravesite, Winnipeg, Manitoba, Canada,Louis Riel Gravesite,Winnipeg,Manitoba,2025,2048,1851,,duplicate_title
photo_316,Minister Fleming (2).jpg,Louis Riel Day 2025,Minister Peter Flemming, Louis Riel day November 16, 2025.,Mark Carney; Peter Flemming,Louis Riel Gravesite, Winnipeg, Manitoba, Canada,Louis Riel Gravesite,Winnipeg,Manitoba,2025,2048,1879,,duplicate_title
photo_317,Minister Fleming.jpg,Louis Riel Day 2025,Minister Peter Flemming, Louis Riel day November 16, 2025.,Mark Carney; Peter Flemming,Louis Riel Gravesite, Winnipeg, Manitoba, Canada,Louis Riel Gravesite,Winnipeg,Manitoba,2025,2048,1700,,duplicate_title
photo_318,Minister Goodon 2.jpg,Louis Riel Day 2025,Minister Will Goodon, Louis Riel day November 16, 2025.,Will Goodon; Mark Carney,Louis Riel Gravesite, Winnipeg, Manitoba, Canada,Louis Riel Gravesite,Winnipeg,Manitoba,2025,2004,2048,,duplicate_title
photo_319,Minister Lagimodiere (2).jpg,Louis Riel Day 2025,Minister Julyda Lagimodiere, Louis Riel day November 16, 2025.,Mark Carney; Julyda Lagimodiere,Louis Riel Gravesite, Winnipeg, Manitoba, Canada,Louis Riel Gravesite,Winnipeg,Manitoba,2025,2048,1880,,duplicate_title
photo_32,a-boat auntie margaret.jpg,Boat Ride,,Lafferty; Margaret Lafferty Beveridge; Henri Derosiers Lafferty,Stony Rapids, Saskatchewan, Canada,,Stony Rapids,Saskatchewan,1924,2048,1375,,duplicate_title;empty_caption
photo_320,Minister Lagimodiere 2.jpg,Louis Riel Day 2025,Minister Julyda Lagimodiere, Louis Riel day November 16, 2025.,Mark Carney,Louis Riel Gravesite, Winnipeg, Manitoba, Canada,Louis Riel Gravesite,Winnipeg,Manitoba,2025,2048,1828,,duplicate_title
photo_322,Minister Thomas, Minister Nault, Minister Gauthier.jpg,Louis Riel Day 2025,Misisters Marielle Gauthier, Denise Thomas and Shawn Nault pay respect to Louis Riel. Louis Riel Day November 16, 2025.,Shawn Nault; Marielle Gauthier,Louis Riel Gravesite, Winnipeg, Manitoba, Canada,Louis Riel Gravesite,Winnipeg,Manitoba,2025,1964,2048,,duplicate_title
photo_327,Untitled_3.jpg,Untitled 3,,Joseph Emile Nault,,,,,2025,2048,1376,,empty_caption;filename_title
photo_328,Untitled_4.jpg,Untitled 4,Goulet Family,,,,,,2025,1391,2048,,filename_title;short_caption
photo_330,Wendy Sikora_10.jpg,The Lafferty Women,Photo of Germaine, Agatha, Alida, Celine & Dorothy in doorway of a train.,Celine Lafferty Aaron; Germaine Lafferty; Margaret Lafferty Beveridge; Dorothy Lafferty Cumming; Lafferty,Saskatoon, Saskatchewan, Canaada,,Saskatoon,Saskatchewan,2025,1299,2048,,duplicate_title
photo_332,Wendy Sikora_37.jpg,Wendy Sikora 37,,Lafferty; Germaine Lafferty,,,,,2025,2048,1309,,empty_caption
photo_335,_MG_0882.jpg,Tracy Fehr and the Community Collaborative Art project,Tracy Fehr visits the MMF to plan for the development of a Community Collaborative art project.,,Winnipeg, Manitoba, Canada,200 Main St.,Winnipeg,Manitoba,2025,2048,1465,,duplicate_title
photo_336,_MG_0887.jpg,Tracy Fehr and the Community Collaborative Art project,Tracy Fehr visits the MMF to plan for the development of a Community Collaborative art project.,Tracy Fehr; Community Collaborative Artwork,Winnipeg, Manitoba, Canada,200 Main St.,Winnipeg,Manitoba,2025,2048,1365,,duplicate_title
photo_34,Daniel - Grandmas grandfather.jpg,Griffith Daniel,,Lafferty; Griffith Daniel,,,,,1925,1291,2048,,empty_caption
photo_340,_MG_1117.jpg,Stephen Obelnicki and Al Benoit at AGA 2025,Stephen and Al pose for a photo on Day 1 of AGA 2025.,Al Benoit; Stephen Obelnicki,Assinaboia Downs, Winnipeg, Manitoba, Canada,Assinaboia Downs,Winnipeg,Manitoba,2025,2048,1365,,duplicate_title
photo_341,_MG_1118.jpg,Stephen Obelnicki and Al Benoit at AGA 2025,Stephen and Al pose for a photo on Day 1 of AGA 2025.,Stephen Obelnicki; Al Benoit,Assinaboia Downs, Winnipeg, Manitoba, Canada,Assinaboia Downs,Winnipeg,Manitoba,2025,2048,1365,,duplicate_title
photo_343,_MG_1167.jpg,Mg 1167,,,St. Mary's Academy, Winnipeg, Manitoba, Canada,St. Mary's Academy,Winnipeg,Manitoba,2025,2048,1365,,empty_caption
photo_344,_MG_1171.jpg,Jeffrey Rohne, Prairie Bison Local 2025,Jeffrey Rohne shares the plans for the Prairie Bison Local Christmas party.,,St. Mary's Academy, Winnipeg, Manitoba, Canada,St. Mary's Academy,Winnipeg,Manitoba,2025,1365,2048,,duplicate_title
photo_345,_MG_1172.jpg,Jeffrey Rohne, Prairie Bison Local 2025,Jeffrey Rohne shares the plans for the Prairie Bison Local Christmas party.,,St. Mary's Academy, Winnipeg, Manitoba, Canada,St. Mary's Academy,Winnipeg,Manitoba,2025,1365,2048,,duplicate_title
photo_346,_MG_1176.jpg,Citizens of the Prairie Bison Local 2025,Citizens of Prairie Bison local pose with their sash. October 27, 2025,,St. Mary's Academy, Winnipeg, Manitoba, Canada,St. Mary's Academy,Winnipeg,Manitoba,2025,2048,1365,,duplicate_title
photo_347,_MG_1177.jpg,Citizens of the Prairie Bison Local 2025,Citizens of Prairie Bison local pose with their sash. October 27, 2025,,St. Mary's Academy, Winnipeg, Manitoba, Canada,St. Mary's Academy,Winnipeg,Manitoba,2025,2048,1365,,duplicate_title
photo_348,_MG_1178.jpg,Citizens of the Prairie Bison Local 2025,Citizens of Prairie Bison local pose with their sash. October 27, 2025,,St. Mary's Academy, Winnipeg, Manitoba, Canada,St. Mary's Academy,Winnipeg,Manitoba,2025,2048,1365,,duplicate_title
photo_349,_MG_1361.jpg,Oliver Boulette entertains,Oliver Boulette entertains the guest of the RRMBDC Gala Nov 28, 2025.,Oliver Boulette; Music,Fort Gary Hotel, Winnipeg, Manitoba, Canada,Fort Gary Hotel,Winnipeg,Manitoba,2025,1365,2048,,duplicate_title
photo_352,_MG_9270.jpg,The President and the Mayor,MMF President David Chartrand and Winnipeg Mayor Scott Gillingham celebrate the enveiling of the Grandmothers collections. July 2, 2025.,David Chartrand; Scott Gillingham,Winnipeg, Manitoba, Canada,335 Main St.,Winnipeg,Manitoba,2025,2048,1421,,duplicate_title
photo_353,_MG_9287.jpg,The President and the Mayor,MMF President David Chartrand and Winnipeg Mayor Scott Gillingham celebrate the enveiling of the Grandmothers collections. July 2, 2025.,,Winnipeg, Manitoba, Canada,335 Main St.,Winnipeg,Manitoba,2025,2048,1365,,duplicate_title
photo_355,a-auntie Gerry.jpg,Germaine Lafferty,,Lafferty; Germaine Lafferty,Stony Rapids, Saskatchewan, Canada,,Stony Rapids,Saskatchewan,2025,1662,2048,,duplicate_title;empty_caption
photo_356,a-gerry at dock.jpg,Germaine by the dock,,Lafferty,Stony Rapids, Saskatchewan, Canada,,Stony Rapids,Saskatchewan,2025,2048,1436,,empty_caption
photo_358,a-margaret and alex wedding.jpg,Margaret's Wedding day,,Lafferty,,,,,2025,1491,2048,,empty_caption
photo_359,a-margaret and john.jpg,Margaret and John,,Lafferty,Stony Rapids, Saskatchewan, Canada,,Stony Rapids,Saskatchewan,2025,1149,2048,,empty_caption
photo_362,fr lafferty with cousins.jpg,Father Laferty with cousins.,,Lafferty,,,,,2025,2048,1652,,empty_caption
photo_363,fr lafferty with the erasmus family 2.jpg,Father Napoleon Lafferty with the Erasmus family.,,Lafferty; Napoleon Lafferty; wooden building; Father Lafferty,,,,,2025,2048,1539,,empty_caption
photo_365,lafferty girls.jpg,The Lafferty girls,,Lafferty,Stony Rapids, Saskatchewan, Canada,,Stony Rapids,Saskatchewan,2025,2048,1424,,duplicate_title;empty_caption
photo_366,souvenirsdemesso00grouuoft_0257.jpg,Souvenirsdemesso00grouuoft 0257,,Lafferty,Fond Du Lac,,Fond Du Lac,,2025,2048,1318,,empty_caption
photo_368,20260413 AlfredAnderson 11.jpg,Bernie, Jessie and Louise,,Elizabeth Anderson; Bernie Anderson; Louise Anderson,Louanne apartments, Winnipeg,Louanne apartments,Winnipeg,,2026,2048,1933,,empty_caption
photo_37,w-grandma & dorothy.jpg,Grandma and Dorothy ca. 1927,,,Stony Rapids, Saskatchewan, Canada,,Stony Rapids,Saskatchewan,1927,1273,2048,,empty_caption
photo_372,20260413 AlfredAnderson 15.jpg,Alfredanderson 15,McIvor family farm.,Lenna McIvor,Selkirk, Manitoba,,Selkirk,Manitoba,2026,1646,2048,,short_caption
photo_373,20260413 AlfredAnderson 16.jpg,Audrey and Frank,,Audre Cook; Frank Swinarch,Winnipeg,,Winnipeg,,2026,2048,1641,,duplicate_title;empty_caption
photo_374,20260413 AlfredAnderson 17.jpg,Audrey and Frank,Audrey and frank pose for a photo.,Audrey Cook,Winnipeg,,Winnipeg,,2026,1641,2048,,duplicate_title
photo_375,20260413 AlfredAnderson 18.jpg,Frank and Elizabeth,,Elizabeth swinarch,Winnipeg,,Winnipeg,,2026,1616,2048,,empty_caption
photo_386,20260417 AlfredAnderson 27.jpg,Alfredanderson 27,,,Selkirk Park, Selkirk, Manitoba, Canada,Selkirk Park,Selkirk,Manitoba,2026,2048,1411,,empty_caption
photo_387,20260417 AlfredAnderson 39.jpg,Alfredanderson 39,,,Selkirk Park, Selkirk, Manitoba, Canada,Selkirk Park,Selkirk,Manitoba,2026,2048,1412,,empty_caption
photo_389,20260515 JoanHadfield 23.jpg,Joanhadfield 23,,,,,,,2026,1453,2048,,empty_caption
photo_39,girls in stony.jpg,Girls posing for a photo in Stony Rapids,,Lafferty; Dorothy Lafferty Cumming; Alida Lafferty Phaneuf,Stony Rapids, Saskatchewan, Canada,,Stony Rapids,Saskatchewan,1928,2048,1232,,empty_caption
photo_390,20260822 Stemadeleine 15.jpg,Stemadeleine 15,,,,,,,2026,1616,2048,,empty_caption
photo_391,20260822 Stemadeleine 16.jpg,Stemadeleine 16,,,,,,,2026,1363,2048,,empty_caption
photo_392,20260822 Stemadeleine 17.jpg,Stemadeleine 17,,,,,,,2026,1418,2048,,empty_caption
photo_393,20260822 Stemadeleine 18.jpg,Stemadeleine 18,,,,,,,2026,2048,1344,,empty_caption
photo_394,20260822 Stemadeleine 19.jpg,Stemadeleine 19,,,,,,,2026,2048,1515,,empty_caption
photo_395,20260822 Stemadeleine 20.jpg,Stemadeleine 20,,,,,,,2026,1439,2048,,empty_caption
photo_396,20260822 Stemadeleine 25.jpg,Stemadeleine 25,,,,,,,2026,2048,1606,,empty_caption
photo_397,20260822 Stemadeleine 26.jpg,Stemadeleine 26,,,,,,,2026,1543,2048,,empty_caption
photo_398,20260822 Stemadeleine 27.jpg,Stemadeleine 27,,,,,,,2026,1548,2048,,empty_caption
photo_399,20260822 Stemadeleine 30.jpg,Stemadeleine 30,,,,,,,2026,2048,1637,,empty_caption
photo_4,fond du lac 29 june 1893 rc church jb tyrrell 0001-4-0.jpg,Fond Du Lac Church 1893,Fond Du Lac Church,,Fond Du Lac, Manitoba, Canada,,Fond Du Lac,Manitoba,1893,2048,1542,,short_caption
photo_40,John 2.jpg,John 2,,,,,,,1930,2048,1440,,empty_caption
photo_400,20260822 Stemadeleine 31.jpg,Stemadeleine 31,,,,,,,2026,2018,2048,,empty_caption
photo_401,20260822 Stemadeleine 32.jpg,Stemadeleine 32,,,,,,,2026,1486,2048,,empty_caption
photo_402,20260822 Stemadeleine 33.jpg,Stemadeleine 33,,,,,,,2026,1483,2048,,empty_caption
photo_403,20260822 Stemadeleine 34.jpg,Stemadeleine 34,,,,,,,2026,1338,2048,,empty_caption
photo_404,20260822 Stemadeleine 35.jpg,Stemadeleine 35,,,,,,,2026,2041,2048,,empty_caption
photo_405,20260822 Stemadeleine 36.jpg,Stemadeleine 36,,,,,,,2026,2048,1431,,empty_caption
photo_406,20260822 Stemadeleine 37.jpg,Stemadeleine 37,,,,,,,2026,1972,2048,,empty_caption
photo_407,20260822 Stemadeleine 38.jpg,Stemadeleine 38,,,,,,,2026,2048,1603,,empty_caption
photo_408,20260822 Stemadeleine 39.jpg,Stemadeleine 39,,,,,,,2026,1432,2048,,empty_caption
photo_409,20260829 Winnipeg regional meeting 2026 26-2.jpg,Winnipeg Regional Meeting 2026 26-2,,Bercier,,,,,2026,2488,3723,3,empty_caption;filename_title
photo_413,20260829 Winnipeg regional meeting 2026 26-6.jpg,Ed Griffiths,,Bercier,,,,,2026,2146,3710,3,empty_caption
photo_415,20260829 Winnipeg regional meeting 2026 26.jpg,Winnipeg Regional Meeting 2026 26,,Bercier,,,,,2026,2225,3394,3,empty_caption;filename_title
photo_419,20260829 Winnipeg regional meeting 2026 28-2.jpg,Jim, Emma and Ruth,Jim and Emma Griffiths alon with Ruth Paul pose for a photo in a field.,Jim Griffiths; Bercier; Emma Griffiths; Griffiths,,,,,2026,3029,4636,3,duplicate_title
photo_421,20260829 Winnipeg regional meeting 2026 28-4.jpg,Jim, Emma and Ruth,Jim and Emma Griffiths alon with Ruth Paul pose for a photo in a field.,Jim Griffiths; Bercier; Emma Griffiths; Ruth Griffiths; Griffiths,,,,,2026,2848,4540,3,duplicate_title
photo_424,20260829 Winnipeg regional meeting 2026 31.jpg,Winnipeg Regional Meeting 2026 31,,,,,,,2026,5587,3403,,empty_caption;filename_title
photo_426,20260829 Winnipeg regional meeting 2026 33.jpg,Winnipeg Regional Meeting 2026 33,,,,,,,2026,1619,2078,,empty_caption;filename_title
photo_427,20260829 Winnipeg regional meeting 2026 34.jpg,Winnipeg Regional Meeting 2026 34,,,,,,,2026,6229,4707,,empty_caption;filename_title
photo_428,20260829 Winnipeg regional meeting 2026 35.jpg,Winnipeg Regional Meeting 2026 35,,,,,,,2026,5356,3345,,empty_caption;filename_title
photo_429,20260829 Winnipeg regional meeting 2026 36.jpg,Winnipeg Regional Meeting 2026 36,,,,,,,2026,4800,2706,,empty_caption;filename_title
photo_430,20260829 Winnipeg regional meeting 2026 37.jpg,Winnipeg Regional Meeting 2026 37,,,,,,,2026,3276,5060,,empty_caption;filename_title
photo_431,20260829 Winnipeg regional meeting 2026 38.jpg,Winnipeg Regional Meeting 2026 38,,,,,,,2026,2279,2837,,empty_caption;filename_title
photo_432,20260829 Winnipeg regional meeting 2026 39.jpg,Winnipeg Regional Meeting 2026 39,,,,,,,2026,5408,3497,,empty_caption;filename_title
photo_433,20260829 Winnipeg regional meeting 2026 40.jpg,Winnipeg Regional Meeting 2026 40,,,,,,,2026,2849,2904,,empty_caption;filename_title
photo_434,20260829 Winnipeg regional meeting 2026 41.jpg,Winnipeg Regional Meeting 2026 41,,,,,,,2026,2365,3329,,empty_caption;filename_title
photo_435,20260829 Winnipeg regional meeting 2026 42.jpg,Winnipeg Regional Meeting 2026 42,,,,,,,2026,3055,2116,,empty_caption;filename_title
photo_436,20260829 Winnipeg regional meeting 2026 43.jpg,Winnipeg Regional Meeting 2026 43,,,,,,,2026,3255,3257,,empty_caption;filename_title
photo_437,20260829 Winnipeg regional meeting 2026 44.jpg,Winnipeg Regional Meeting 2026 44,,,,,,,2026,2984,4995,,empty_caption;filename_title
photo_438,20260829 Winnipeg regional meeting 2026 45.jpg,Winnipeg Regional Meeting 2026 45,,,,,,,2026,5122,3266,,empty_caption;filename_title
photo_439,20260829 Winnipeg regional meeting 2026 46.jpg,Winnipeg Regional Meeting 2026 46,,,,,,,2026,2146,2163,,empty_caption;filename_title
photo_440,20260829 Winnipeg regional meeting 2026 47.jpg,Winnipeg Regional Meeting 2026 47,,,,,,,2026,4484,3150,,empty_caption;filename_title
photo_441,20260829 Winnipeg regional meeting 2026 48.jpg,Winnipeg Regional Meeting 2026 48,,,,,,,2026,4532,2506,,empty_caption;filename_title
photo_442,20260829 Winnipeg regional meeting 2026 49.jpg,Winnipeg Regional Meeting 2026 49,,,,,,,2026,4421,2939,,empty_caption;filename_title
photo_443,20260829 Winnipeg regional meeting 2026 50.jpg,Winnipeg Regional Meeting 2026 50,,,,,,,2026,2107,2170,,empty_caption;filename_title
photo_444,20260829 Winnipeg regional meeting 2026 51.jpg,Winnipeg Regional Meeting 2026 51,,,,,,,2026,3234,4708,,empty_caption;filename_title
photo_445,20260829 Winnipeg regional meeting 2026 52.jpg,Winnipeg Regional Meeting 2026 52,,,,,,,2026,3211,5006,,empty_caption;filename_title
photo_446,20260829 Winnipeg regional meeting 2026 53.jpg,Winnipeg Regional Meeting 2026 53,,,,,,,2026,3271,5086,,empty_caption;filename_title
photo_447,20260829 Winnipeg regional meeting 2026 54.jpg,Winnipeg Regional Meeting 2026 54,,,,,,,2026,4864,3398,,empty_caption;filename_title
photo_448,20260829 Winnipeg regional meeting 2026 55.jpg,Winnipeg Regional Meeting 2026 55,,,,,,,2026,4384,2580,,empty_caption;filename_title
photo_449,20260829 Winnipeg regional meeting 2026 56.jpg,Winnipeg Regional Meeting 2026 56,,,,,,,2026,3202,4973,,empty_caption;filename_title
photo_450,20260829 Winnipeg regional meeting 2026 57.jpg,Winnipeg Regional Meeting 2026 57,,,,,,,2026,2999,4115,,empty_caption;filename_title
photo_451,20260829 Winnipeg regional meeting 2026 58.jpg,Winnipeg Regional Meeting 2026 58,,,,,,,2026,3234,4948,,empty_caption;filename_title
photo_452,20260829 Winnipeg regional meeting 2026 59.jpg,Winnipeg Regional Meeting 2026 59,,,,,,,2026,2247,3408,,empty_caption;filename_title
photo_453,20260829 Winnipeg regional meeting 2026 60.jpg,Winnipeg Regional Meeting 2026 60,,,,,,,2026,6515,7443,,empty_caption;filename_title
photo_454,20260829 Winnipeg regional meeting 2026 61.jpg,Winnipeg Regional Meeting 2026 61,,,,,,,2026,3092,2068,,empty_caption;filename_title
photo_455,20260829 Winnipeg regional meeting 2026 62.jpg,Winnipeg Regional Meeting 2026 62,,,,,,,2026,3319,2396,,empty_caption;filename_title
photo_456,20260829 Winnipeg regional meeting 2026 63.jpg,Winnipeg Regional Meeting 2026 63,,,,,,,2026,3202,4943,,empty_caption;filename_title
photo_457,20260829 Winnipeg regional meeting 2026 64.jpg,Winnipeg Regional Meeting 2026 64,,,,,,,2026,2107,3183,,empty_caption;filename_title
photo_458,20260829 Winnipeg regional meeting 2026 65.jpg,Winnipeg Regional Meeting 2026 65,,,,,,,2026,3266,4229,,empty_caption;filename_title
photo_459,20260829 Winnipeg regional meeting 2026 66.jpg,Winnipeg Regional Meeting 2026 66,,,,,,,2026,3218,3999,,empty_caption;filename_title
photo_460,20260829 Winnipeg regional meeting 2026 67.jpg,Winnipeg Regional Meeting 2026 67,,,,,,,2026,4100,2875,,empty_caption;filename_title
photo_461,20260829 Winnipeg regional meeting 2026 68.jpg,Winnipeg Regional Meeting 2026 68,,,,,,,2026,2908,4408,,empty_caption;filename_title
photo_462,20260829 Winnipeg regional meeting 2026 69.jpg,Winnipeg Regional Meeting 2026 69,,,,,,,2026,3044,4363,,empty_caption;filename_title
photo_463,20260829 Winnipeg regional meeting 2026 70.jpg,Winnipeg Regional Meeting 2026 70,,,,,,,2026,2898,4069,,empty_caption;filename_title
photo_464,20260829 Winnipeg regional meeting 2026 71.jpg,Winnipeg Regional Meeting 2026 71,,,,,,,2026,4108,3157,,empty_caption;filename_title
photo_465,20260829 Winnipeg regional meeting 2026 72.jpg,Winnipeg Regional Meeting 2026 72,,,,,,,2026,2669,2358,,empty_caption;filename_title
photo_466,20260829 Winnipeg regional meeting 2026 73.jpg,Winnipeg Regional Meeting 2026 73,,,,,,,2026,2809,2926,,empty_caption;filename_title
photo_467,20260829 Winnipeg regional meeting 2026 74.jpg,Winnipeg Regional Meeting 2026 74,,,,,,,2026,3082,4281,,empty_caption;filename_title
photo_468,20260829 Winnipeg regional meeting 2026 75.jpg,Winnipeg Regional Meeting 2026 75,,,,,,,2026,2974,2907,,empty_caption;filename_title
photo_469,20260829 Winnipeg regional meeting 2026 76.jpg,Winnipeg Regional Meeting 2026 76,,,,,,,2026,4114,2772,,empty_caption;filename_title
photo_470,20260829 Winnipeg regional meeting 2026 77.jpg,Winnipeg Regional Meeting 2026 77,,,,,,,2026,2996,3025,,empty_caption;filename_title
photo_471,20260829 Winnipeg regional meeting 2026 78.jpg,Winnipeg Regional Meeting 2026 78,,,,,,,2026,2962,2621,,empty_caption;filename_title
photo_472,20260829 Winnipeg regional meeting 2026 79.jpg,Winnipeg Regional Meeting 2026 79,,,,,,,2026,2889,4164,,empty_caption;filename_title
photo_473,20260829 Winnipeg regional meeting 2026 80.jpg,Winnipeg Regional Meeting 2026 80,,,,,,,2026,5555,8299,,empty_caption;filename_title
photo_474,20260829 Winnipeg regional meeting 2026 81.jpg,Winnipeg Regional Meeting 2026 81,,,,,,,2026,3371,5156,,empty_caption;filename_title
photo_475,20260829 Winnipeg regional meeting 2026 82.jpg,Winnipeg Regional Meeting 2026 82,,,,,,,2026,3292,3397,,empty_caption;filename_title
photo_476,20260829 Winnipeg regional meeting 2026 83.jpg,Winnipeg Regional Meeting 2026 83,,,,,,,2026,6014,4252,,empty_caption;filename_title
photo_477,20260829 Winnipeg regional meeting 2026 84.jpg,Winnipeg Regional Meeting 2026 84,,,,,,,2026,4368,3461,,empty_caption;filename_title
photo_478,20260829 Winnipeg regional meeting 2026 85.jpg,Winnipeg Regional Meeting 2026 85,,,,,,,2026,6521,4701,,empty_caption;filename_title
photo_479,20260829 Winnipeg regional meeting 2026 86.jpg,Winnipeg Regional Meeting 2026 86,,,,,,,2026,5360,3434,,empty_caption;filename_title
photo_48,Lafferty family 2.jpg,Lafferty Family 2,,Lafferty; Agatha Lafferty Kerr; Magloire Lafferty; Germain Mercredi; Annetoinette Lafferty Gately; Celine Lafferty Aaron; Marie Lafferty Tralnberg; Margaret Lafferty Beveridge; Alida Lafferty Phaneuf; Jean Louis Lafferty; Alphonse Lafferty,Stony Rapids,,Stony Rapids,,1935,2048,1313,,empty_caption
photo_480,20260829 Winnipeg regional meeting 2026 87.jpg,Winnipeg Regional Meeting 2026 87,,,,,,,2026,7612,10007,,empty_caption;filename_title
photo_481,20260829 Winnipeg regional meeting 2026 88.jpg,Winnipeg Regional Meeting 2026 88,,,,,,,2026,3773,5642,,empty_caption;filename_title
photo_482,20260829 Winnipeg regional meeting 2026 89.jpg,Winnipeg Regional Meeting 2026 89,,,,,,,2026,4654,6589,,empty_caption;filename_title
photo_483,20260829 Winnipeg regional meeting 2026 90.jpg,Winnipeg Regional Meeting 2026 90,,,,,,,2026,4659,6590,,empty_caption;filename_title
photo_484,20260829 Winnipeg regional meeting 2026 91.jpg,Winnipeg Regional Meeting 2026 91,,,,,,,2026,4802,6589,,empty_caption;filename_title
photo_485,28fa9e04-d73f-4d6f-a127-52546a8fccb6.jpg,Fa9e04-d73f-4d6f-a127-52546a8fccb6,,,,,,,2026,1536,2048,,empty_caption
photo_486,5d5618ce-8dcf-4b8b-87a5-6c192b1de36a.jpg,D5618ce-8dcf-4b8b-87a5-6c192b1de36a,,,,,,,2026,1536,2048,,empty_caption
photo_487,6631601f-497c-4c04-9063-669df17253cb.jpg,F-497c-4c04-9063-669df17253cb,,,,,,,2026,1536,2048,,empty_caption
photo_488,FFA60EAC-DF7C-4055-B748-667A4430AB77.jpg,Ffa60eac-df7c-4055-b748-667a4430ab77,,Joseph Vivier; Mary Vivier,Portage la prairie,,Portage la prairie,,2026,1536,2048,,empty_caption
photo_489,IMG_2332.jpg,Brad Moggie and Michael Audette perform, Victory at Frog Plain 2,Brad (Guitar) and Michael (Fiddle) perform for those gathered to celebrate the Victory at Frog Plain 2026.,Flag; Victory at Frog Plain; Event; Music; Guitar,Monument to the Victory at Frog, Winnipeg, Manitoba, Canada,Monument to the Victory at Frog,Winnipeg,Manitoba,2026,2048,1365,,duplicate_title
photo_490,IMG_2336.jpg,Img 2336,,Flag; Victory at Frog Plain; Event; Music; Guitar,,,,,2026,1365,2048,,empty_caption
photo_491,IMG_2337.jpg,Brad Moggie and Michael Audette perform, Victory at Frog Plain 2,Brad (Guitar) and Michael (Fiddle) perform for those gathered to celebrate the Victory at Frog Plain 2026.,Flag; Victory at Frog Plain; Event; Music; Guitar,Monument to the Victory at Frog, Winnipeg, Manitoba, Canada,Monument to the Victory at Frog,Winnipeg,Manitoba,2026,1365,2048,,duplicate_title
photo_493,IMG_2954.jpg,Img 2954,,,Ste. Madeleine Cemetary, Ste. Madeleine, Manitoba, Canada,Ste. Madeleine Cemetary,Ste. Madeleine,Manitoba,2026,2048,1365,,empty_caption
photo_494,Winnipeg regional meeting 2026 10.jpg,Winnipeg Regional Meeting 2026 10,,,,,,,2026,4505,6363,,empty_caption;filename_title
photo_495,Winnipeg regional meeting 2026 11.jpg,Winnipeg Regional Meeting 2026 11,,,,,,,2026,2379,3404,,empty_caption;filename_title
photo_496,Winnipeg regional meeting 2026 12.jpg,Winnipeg Regional Meeting 2026 12,,,,,,,2026,3246,2277,,empty_caption;filename_title
photo_497,Winnipeg regional meeting 2026 13.jpg,Winnipeg Regional Meeting 2026 13,,,,,,,2026,3160,2379,,empty_caption;filename_title
photo_498,Winnipeg regional meeting 2026 14.jpg,Winnipeg Regional Meeting 2026 14,,,,,,,2026,2074,3615,,empty_caption;filename_title
photo_499,Winnipeg regional meeting 2026 15.jpg,Winnipeg Regional Meeting 2026 15,,,,,,,2026,6537,4689,,empty_caption;filename_title
photo_500,Winnipeg regional meeting 2026 16.jpg,Winnipeg Regional Meeting 2026 16,,,,,,,2026,4602,6517,,empty_caption;filename_title
photo_501,Winnipeg regional meeting 2026 3.jpg,Winnipeg Regional Meeting 2026 3,,,,,,,2026,906,674,,empty_caption;filename_title
photo_502,Winnipeg regional meeting 2026 7.jpg,Winnipeg Regional Meeting 2026 7,,,,,,,2026,3793,5658,,empty_caption;filename_title
photo_503,Winnipeg regional meeting 2026 8.jpg,Winnipeg Regional Meeting 2026 8,,,,,,,2026,3735,5592,,empty_caption;filename_title
photo_504,Winnipeg regional meeting 2026 9.jpg,Winnipeg Regional Meeting 2026 9,,,,,,,2026,3737,5513,,empty_caption;filename_title
photo_51,a-anne - stony.jpg,Anne by the dock,,Lafferty; Anne Mercredi; Boats,Stony Rapids, Saskatchewan, Canada,,Stony Rapids,Saskatchewan,1935,2048,1426,,empty_caption
photo_510,_MG_2965.jpg,Mg 2965,,,Ste. Madeleine Cemetary, Ste. Madeleine, Manitoba, Canada,Ste. Madeleine Cemetary,Ste. Madeleine,Manitoba,2026,2048,1365,,empty_caption
photo_514,_MG_2994.jpg,Mg 2994,,,Ste. Madeleine Cemetary, Ste. Madeleine, Manitoba, Canada,Ste. Madeleine Cemetary,Ste. Madeleine,Manitoba,2026,2048,1365,,empty_caption
photo_515,_MG_3018.jpg,Mg 3018,,Hupe; May Hupe; Claudette Hupe,Ste. Madeleine Cemetary, Ste. Madeleine, Manitoba, Canada,Ste. Madeleine Cemetary,Ste. Madeleine,Manitoba,2026,2048,1365,,empty_caption
photo_516,_MG_3028.jpg,Mg 3028,,,Ste. Madeleine Cemetary, Ste. Madeleine, Manitoba, Canada,Ste. Madeleine Cemetary,Ste. Madeleine,Manitoba,2026,2048,1365,,empty_caption
photo_517,_MG_3032.jpg,Mg 3032,,,Ste. Madeleine Cemetary, Ste. Madeleine, Manitoba, Canada,Ste. Madeleine Cemetary,Ste. Madeleine,Manitoba,2026,2048,1365,,empty_caption
photo_518,_MG_3036.jpg,Mg 3036,,,Ste. Madeleine Cemetary, Ste. Madeleine, Manitoba, Canada,Ste. Madeleine Cemetary,Ste. Madeleine,Manitoba,2026,2048,1365,,empty_caption
photo_519,_MG_3065.jpg,Mg 3065,,,Ste. Madeleine Cemetary, Ste. Madeleine, Manitoba, Canada,Ste. Madeleine Cemetary,Ste. Madeleine,Manitoba,2026,2048,1365,,empty_caption
photo_520,_MG_3070.jpg,Mg 3070,,,Ste. Madeleine Cemetary, Ste. Madeleine, Manitoba, Canada,Ste. Madeleine Cemetary,Ste. Madeleine,Manitoba,2026,2048,1365,,empty_caption
photo_521,_MG_3074.jpg,Mg 3074,,,Ste. Madeleine Cemetary, Ste. Madeleine, Manitoba, Canada,Ste. Madeleine Cemetary,Ste. Madeleine,Manitoba,2026,2048,1365,,empty_caption
photo_522,_MG_3075.jpg,Mg 3075,,Joanne Remillard; Minister Remillard,Ste. Madeleine Cemetary, Ste. Madeleine, Manitoba, Canada,Ste. Madeleine Cemetary,Ste. Madeleine,Manitoba,2026,1365,2048,,empty_caption
photo_523,_MG_3078.jpg,Mg 3078,,,Ste. Madeleine Cemetary, Ste. Madeleine, Manitoba, Canada,Ste. Madeleine Cemetary,Ste. Madeleine,Manitoba,2026,1365,2048,,empty_caption
photo_524,_MG_3092.jpg,Mg 3092,,,Ste. Madeleine Cemetary, Ste. Madeleine, Manitoba, Canada,Ste. Madeleine Cemetary,Ste. Madeleine,Manitoba,2026,1365,2048,,empty_caption
photo_525,_MG_3094.jpg,Mg 3094,,,Ste. Madeleine Cemetary, Ste. Madeleine, Manitoba, Canada,Ste. Madeleine Cemetary,Ste. Madeleine,Manitoba,2026,2048,1384,,empty_caption
photo_526,_MG_3095.jpg,Mg 3095,,,Ste. Madeleine Cemetary, Ste. Madeleine, Manitoba, Canada,Ste. Madeleine Cemetary,Ste. Madeleine,Manitoba,2026,2048,1365,,empty_caption
photo_527,_MG_3105.jpg,Mg 3105,,,Ste. Madeleine Cemetary, Ste. Madeleine, Manitoba, Canada,Ste. Madeleine Cemetary,Ste. Madeleine,Manitoba,2026,1365,2048,,empty_caption
photo_528,_MG_3109.jpg,Mg 3109,,,Ste. Madeleine Cemetary, Ste. Madeleine, Manitoba, Canada,Ste. Madeleine Cemetary,Ste. Madeleine,Manitoba,2026,2048,1365,,empty_caption
photo_533,_MG_3158.jpg,Couple Dancing, Ste. Madeleine,,Dancing; Music,Ste. Madeleine Cemetary, Ste. Madeleine, Manitoba, Canada,Ste. Madeleine Cemetary,Ste. Madeleine,Manitoba,2026,934,2048,,empty_caption
photo_538,b55fc877-634d-42a3-bd33-81f409c5c7a5.jpg,B55fc877-634d-42a3-bd33-81f409c5c7a5,,,,,,,2026,1536,2048,,empty_caption
photo_539,c1f8ee0b-8614-40dd-b63a-18e8531e0467.jpg,C1f8ee0b-8614-40dd-b63a-18e8531e0467,,,,,,,2026,1536,2048,,empty_caption
photo_540,e6e8d9a2-63e8-4637-b832-8addda5ff8e2.jpg,E6e8d9a2-63e8-4637-b832-8addda5ff8e2,,,,,,,2026,1536,2048,,empty_caption
photo_58,1.jpg,1.jpg,,Vivier,,,,,1938,2048,1669,,empty_caption
photo_6,Grandma lafferty.jpg,Portrait of baby Marie Madeleine Mercredi Lafferty,,Lafferty; Marie Madeleine Mercredi Lafferty; Mercredi,,,,,1897,1650,2048,,empty_caption
photo_64,Gail_Hargreaves_13.jpg,Trapper Cabin outside of The Pas,,,The Pas, Manitoba, Canada,,The Pas,Manitoba,1938,1488,2048,,empty_caption
photo_77,Gail_Hargreaves_7.jpg,Gordon Starmer in Military Uniform,Gordon Starmer smiles in his military uniform and side cap for a classic studio portrait.,Gordon Starmer; side cap,,,,,1938,1274,2048,,duplicate_title
photo_78,Gail_Hargreaves_8.jpg,Gordon Starmer in Military Uniform,Gordon Starmer poses for a full-length portrait in his military uniform and cap.,Gordon Starmer,Winnipeg, Manitoba, Canada,,Winnipeg,Manitoba,1938,1197,2048,,duplicate_title
photo_8,Fond du Lac Carman's House 1900 0001-4-0.jpg,Fond Du Lac 1900,Fond Du Lac,,Fond Du Lac, Manitoba, Canada,,Fond Du Lac,Manitoba,1900,2048,1411,,short_caption
photo_81,Lynda Monkman_1.jpg,Lynda Monkman 1,,Ovide Klyne; Aurise; Phillip Klyne; Philomene Chartrand; William Ducharme; Julienne,,,,,1938,2048,1693,,empty_caption
photo_82,PD1.jpg,Dejarlais family,Dejarlais Family take a photo in the livingroom. Clara (Left) , Rennie, Roy, Jospeh, Pat, Leonard and Lawrence,Roy Dejarlais; Clara Dejarlais; Lawrence Dejarlais; Leonard Dejarlais; Rennie Dejarlais; Pat Dejarlais; Joseph Dejarlais,Foxwarren, Manitoba, Canada,,Foxwarren,Manitoba,1938,2048,1406,,duplicate_title
photo_86,PD_4.jpg,Dejarlais family,The Dejarlais Family pose for a photo in front of their home,Dejarlais,Foxwarren, Manitoba, Canada,,Foxwarren,Manitoba,1938,2048,1479,,duplicate_title
photo_9,Grandma Lafferty age 7.jpg,Marie Madeleine Mercredi Lafferty age 7,Portrait of Marie.,Marie Madeleine Mercredi Lafferty; Lafferty,Fort Chipewyan, Alberta, Canada,,Fort Chipewyan,Alberta,1904,1432,2048,,short_caption
photo_92,gerry & alphonse.jpg,Germaine and Alphonse,,Lafferty; Germaine Lafferty; Alphonse Lafferty,Stony Rapids, Saskatchewan, Canada,,Stony Rapids,Saskatchewan,1940,1985,2048,,empty_caption
photo_94,Lesley_Kellemen_2.jpg,Parisien boys pose for a photo in Roostertown,,,Rooster Town, Manitoba, Canada,,Rooster Town,Manitoba,1941,1422,2048,,empty_caption
photo_98,stony2.jpg,Stony Rapids School Class Photo (1942),,Lafferty; School house,Stony Rapids School, Stony Rapids, Manitoba, Canada,Stony Rapids School,Stony Rapids,Manitoba,1942,2048,1468,,empty_caption
