seq,filename,status,title_current,caption_paste,people_paste,people_flag,keywords_paste_ready,keywords_current,place,year
258,a-anne - stony.jpg,CAPTION,Anne by the dock,"Anne by the dock, Stony Rapids, 1935. [Add the story here.]",,,,"Trees, Water, Stony Rapids, 1935, Boat, black and white, Outdoors, 1925-1950",Stony Rapids Saskatchewan,1935
259,a-auntie Gerry.jpg,CAPTION,Germaine Lafferty,"Germaine Lafferty, Stony Rapids, 2025. [Add the story here.]",,,,"Stony Rapids, home, black and white",Stony Rapids Saskatchewan,2025
260,a-boat auntie margaret.jpg,CAPTION,Boat Ride,"Boat Ride, Stony Rapids, 1924. [Add the story here.]",,,,"Water, 1924, boat, black and white, 1920-1925",Stony Rapids Saskatchewan,1924
263,a-F1000052-alphonse magloire and gerry.jpg,CAPTION,A-f1000052-alphonse Magloire And Gerry,"A-f1000052-alphonse Magloire And Gerry, Stony Rapids, 1945. [Add the story here.]",,,,"1945-1950, black and white, 1945",Stony Rapids,1945
264,a-gerry at dock.jpg,CAPTION,Germaine by the dock,"Germaine by the dock, Stony Rapids, 2025. [Add the story here.]",,,,black and white,Stony Rapids Saskatchewan,2025
265,a-grandma 80.jpg,CAPTION,Marie Mercredi Lafferty (1975),"Marie Mercredi Lafferty, 1977. [Add the story here.]",,,,"1980, 1975-2000, 1977",,1977
267,a-margaret and alex wedding.jpg,CAPTION; KEYWORDS,Margaret's Wedding day,"Margaret's Wedding day, 2025. [Add the story here.]",,,"2000-2025, 2025, wedding",,,2025
268,a-margaret and john.jpg,CAPTION,Margaret and John,"Margaret and John, Stony Rapids, 2025. [Add the story here.]",,,,black and white,Stony Rapids Saskatchewan,2025
270,a-plane.jpg,CAPTION,"Anne, Agatha, Henri and his dog team (1945)","Anne, Agatha, Henri and his dog team, Stony Rapids, 1945. [Add the story here.]",,,,"1945, Dog, Dogsled, black and white",Stony Rapids,1945
276,Beaulieu Kookums brothers jean baptise and pierre.jpg,CAPTION; PEOPLE,Jean Baptise and Pierre Beaulieu,"Jean Baptise and Pierre Beaulieu, 2009. [Add the story here.]",Beaulieu; Jean Baptiste; Pierre,from title,,black and white,,2009
289,Daniel - Grandmas grandfather.jpg,CAPTION,Griffith Daniel,"Griffith Daniel, 1925. [Add the story here.]",,,,"portrait, 1925, black and white, 1990-1925",,1925
290,daniel - Pierre and Baptiste.jpg,PEOPLE,Pierre and Jean Baptiste,Pierre and Jean Baptiste pose for a professional photograph at St. Boniface Studio,Beaulieu; Jean Baptiste; Pierre,from title,,black and white,Winnipeg Manitoba,2009
291,daniel cousins (2).jpg,CAPTION,Daniel Cousins (2),"Daniel Cousins (2), 2007. [Add the story here.]",,,,black and white,,2007
292,Daniel cousins-fred and john james daniels.jpg,CAPTION; PEOPLE,Fred and John James Daniels,"Fred and John James Daniels, 1913. [Add the story here.]",Daniels; Fred; John James,from title,,"1900-1925, black and white, portrait",,1913
298,fond du lac 29 june 1893 hcb trading post jb tyrrell 0001-4-0.jpg,CAPTION; PEOPLE,Fond Du Lac 29 June 1893 Hcb Trading Post Jb Tyrrell 0001-4-0,"Fond Du Lac 29 June 1893 Hcb Trading Post Jb Tyrrell 0001-4-0, Fond Du Lac, 1893. [Add the story here.]",Tyrrell; J.B.,"explorer, from title",,Fond Du Lac,Fond Du Lac Saskatchewan,1893
299,fond du lac 29 june 1893 rc church jb tyrrell 0001-4-0.jpg,CAPTION; PEOPLE,Fond Du Lac Church 1893,"Fond Du Lac Church 1893, Fond Du Lac, 1893. [Add the story here.]",,check photo,,Fond Du Lac,Fond Du Lac Saskatchewan,1893
300,Fond du Lac Carman's House 1900 0001-4-0.jpg,CAPTION; PEOPLE,Fond Du Lac 1900,"Fond Du Lac 1900, Fond Du Lac, 1900. [Add the story here.]",,check photo,,Fond Du Lac,Fond Du Lac Saskatchewan,1900
301,fond du lac chipewyan tent 30 july 1892 jb tyrrell 0001-4-0.jpg,PEOPLE,Fond Du Lac Chipewyan tent 30 july 1892,Fond Du Lac Chipewyan tent 30 july 1892,,check photo,,Fond Du Lac,Fond Du Lac Saskatchewan,1892
303,fr lafferty Brother Crenne ft chip.jpg,PEOPLE,Father Lafferty and Brother Crenne at Fort Chipewyan,Photo of father Lafferty and Brother Crenne pose nfor a photo in the church at Fort Chipewyan,Lafferty; Father Napoleon; Brother Crenne,from title,,black and white,Fort Chipewyan Alberta,2009
308,Fr Lafferty w cousin Michel 1.jpg,CAPTION,Napoleon Lafferty OMI with his Cousin Michel (1915),"Napoleon Lafferty OMI with his Cousin Michel, Fort Rae, 1915. [Add the story here.]",,,,"1900-1925, black and white",Fort Rae Northwest Territories,1915
309,fr lafferty with cousins.jpg,CAPTION; KEYWORDS,Father Laferty with cousins.,"Father Laferty with cousins., 2025. [Add the story here.]",,,"2000-2025, 2025, family",,,2025
310,fr lafferty with the erasmus family 2.jpg,CAPTION,Father Napoleon Lafferty with the Erasmus family.,"Father Napoleon Lafferty with the Erasmus family., 2025. [Add the story here.]",,,,"Priest, family, Church",,2025
311,frlafferty - desrosiers.jpg,CAPTION,Father Lafferty and his cousin (1915),"Father Lafferty and his cousin, Fort Rae, 1915. [Add the story here.]",,,,"Fort Rae, black and white, 1900-1925",Fort Rae Northwest Territories,1915
332,gerry & alphonse.jpg,CAPTION,Germaine and Alphonse,"Germaine and Alphonse, Stony Rapids, 1940. [Add the story here.]",,,,"Stony Rapids, 1940-1945, 1940, black and white, portrait",Stony Rapids Saskatchewan,1940
334,Gerry at fort smith with who.jpg,CAPTION,Germiane Lafferty and friend riding the stuffed buffalo at Fort,"Germiane Lafferty and friend riding the stuffed buffalo at Fort, Fort Smith, 1913. [Add the story here.]",,,,"Buffalo, Bison, black and white, 1900-1925",Fort Smith,1913
335,Gerry uniform.jpg,PEOPLE,Germaine in her uniform,Germaine Lafferty looking proud in her uniform.,Lafferty; Germaine,from title,,"black and white, military, trees, Outdoor",Stony Rapids Saskatchewan,2009
336,gerry.jpg,CAPTION,Germaine Lafferty,"Germaine Lafferty, Fort Smith, 1913. [Add the story here.]",,,,"Water, black and white, 1900-1925",Fort Smith,1913
337,girls in stony.jpg,CAPTION,Girls posing for a photo in Stony Rapids,"Girls posing for a photo in Stony Rapids, Stony Rapids, 1928. [Add the story here.]",,,,"1925-1930, group, Children, black and white",Stony Rapids Saskatchewan,1928
341,grandma & Grandpa Lafferty 50th.jpg,KEYWORDS,Henri and Marie's 50th Anniversary,Henri and Marie celebrate their 50th wedding anniversary.,,,"2000-2025, 2025, wedding",,,2025
345,grandma lafferty - formal.jpg,CAPTION,Portrait of Marie Madeleine Mercredi Lafferty,"Portrait of Marie Madeleine Mercredi Lafferty, 1965. [Add the story here.]",,,,"1965, portrait, professional portrait, 1965-1970",,1965
346,Grandma Lafferty age 7.jpg,CAPTION,Marie Madeleine Mercredi Lafferty age 7,"Marie Madeleine Mercredi Lafferty age 7, Fort Chipewyan, 1904. [Add the story here.]",,,,"1904, portrait, black and white, professional portrait",Fort Chipewyan Alberta,1904
347,Grandma lafferty.jpg,CAPTION,Portrait of baby Marie Madeleine Mercredi Lafferty,"Portrait of baby Marie Madeleine Mercredi Lafferty, 1897. [Add the story here.]",,,,"baby, 1895-1900, portrait, black and white, 1897",,1897
349,Henri - formal.jpg,KEYWORDS,Portrait of Henri,Professional portrait of Henri Desrosiers Lafferty,,,"2000-2025, 2025, portrait",,,2025
351,Henri cigar.jpg,CAPTION,Henri with a cigar,"Henri with a cigar, 1913. [Add the story here.]",,,,"House, 1900-1925, black and white",,1913
353,Henri garden.jpg,CAPTION,Henri harvesting potatos (1944),"Henri harvesting potatos, 1944. [Add the story here.]",,,,"1944, Gardening, Stony Rapids, 1940-1945, garden, black and white, agriculture",,1944
354,henri guttingfish.jpg,CAPTION,Henri filleting fish (1945),"Henri filleting fish, Stony Rapids, 1945. [Add the story here.]",,,,"agriculture, 1945, fishing, 1945-1950, Dog, Boat, black and white",Stony Rapids Saskatchewan,1945
355,Henri roasting weenies.jpg,CAPTION,Henri starts a fire,"Henri starts a fire, Stony Rapids, 2025. [Add the story here.]",,,,"Stony Rapids, trees, woodland, fire, agriculture",Stony Rapids Saskatchewan,2025
356,Henri.jpg,CAPTION,Henri Lafferty (1915),"Henri Lafferty, Fort Chipewyan, 1915. [Add the story here.]",,,,"house, black and white, Fort Chipewyan, 1900-1925",Fort Chipewyan Alberta,1915
383,John 2.jpg,CAPTION; PEOPLE,John 2,"John 2, 1930. [Add the story here.]",,check photo,,"1930-1935, Outdoor, military, black and white, 1930, Military uniform",,1930
384,Lafferty family 2.jpg,CAPTION,Lafferty Family 2,"Lafferty Family 2, Stony Rapids, 1935. [Add the story here.]",,,,"1935-1940, black and white, house, Stony Rapids, 1935",Stony Rapids,1935
388,Lafferty family uncle leon willie and blanche mercredi.jpg,CAPTION,Lafferty Family,"Lafferty Family, Stony Rapids, 1950. [Add the story here.]",,,,"1950, black and white",Stony Rapids Saskatchewan,1950
389,lafferty girls.jpg,CAPTION; KEYWORDS,The Lafferty girls,"The Lafferty girls, Stony Rapids, 2025. [Add the story here.]",,,"2000-2025, 2025, stony rapids, women",,Stony Rapids Saskatchewan,2025
390,"Lafferty grandpa ernestine mercredi, emil tralnberg.jpg",CAPTION,Family Picture Stony Rapids (1944),"Family Picture Stony Rapids, Stony Rapids, 1944. [Add the story here.]",,,,"1944, House, Stony Rapids, 1940-1945, black and white",Stony Rapids Saskatchewan,1944
409,marierose and kid.jpg,CAPTION,Isadore and Marie Rose,"Isadore and Marie Rose, Fort Chipewyan, 2007. [Add the story here.]",,,,"Fort Smith, black and white",Fort Chipewyan,2007
411,Maries 1st  communion.jpg,CAPTION; KEYWORDS,Marie's first communion,"Marie's first communion, 2025. [Add the story here.]",,,"2000-2025, 2025, first communion",,,2025
425,mom and sisters - early 50s.jpg,PEOPLE,The Lafferty Girls,All the Lafferty girls pose for a family photo.,Lafferty,from title (add names),,black and white,Stony Rapids Saskatchewan,2009
426,Mushum and henri back left Lac St Anne.jpg,CAPTION,Henri and Germain in Lac St. Anne,"Henri and Germain in Lac St. Anne, Lac St. Anne, 1920. [Add the story here.]",,,,"1920, 1920-1925, black and white",Lac St. Anne,1920
452,souvenirsdemesso00grouuoft_0257.jpg,CAPTION; KEYWORDS,Souvenirsdemesso00grouuoft 0257,"Souvenirsdemesso00grouuoft 0257, Fond Du Lac, 2025. [Add the story here.]",,,"2000-2025, 2025, fond du lac",,Fond Du Lac Saskatchewan,2025
468,stony school - 1945.jpg,CAPTION,Stony Rapids School ca. 1945,"Stony Rapids School ca. 1945, Stony Rapids, 1945. [Add the story here.]",,,,"Stony Rapids, School, Children",Stony Rapids Saskatchewan,1945
469,stony school xmas concert.jpg,KEYWORDS,Stony Rapids School Christmas concert (1942),Stony Rapids School Christmas concert (1942),,,"1925-1950, 1942, school, stony rapids",,Stony Rapids Saskatchewan,1942
471,stony2.jpg,CAPTION,Stony Rapids School Class Photo (1942),"Stony Rapids School Class Photo, Stony Rapids, 1942. [Add the story here.]",,,,"1942, 1940-1945, Stony Rapids, School, black and white, Children",Stony Rapids Manitoba,1942
472,tbi2.jpg,CAPTION; PEOPLE,Family photo ca. 1920,"Family photo ca. 1920, 1920. [Add the story here.]",,check photo,,black and white,,1920
486,w-grandma & dorothy.jpg,CAPTION; PEOPLE,Grandma and Dorothy ca. 1927,"Grandma and Dorothy ca. 1927, Stony Rapids, 1927. [Add the story here.]",Lafferty; Grandma; Dorothy,from title (confirm names),,black and white,Stony Rapids Saskatchewan,1927
489,w-margaret doll.jpg,PEOPLE,Agatha holding a doll,Agatha Lafferty holding a doll smiling in the doorway at the family home in Stony Rapids.,Lafferty; Agatha,from title (confirm surname),,black and white,Stony Rapids Saskatchewan,2009
492,Wendy Sikora_10.jpg,KEYWORDS,The Lafferty Women,"Photo of Germaine, Agatha, Alida, Celine & Dorothy in doorway of a train.",,,"2000-2025, 2025, saskatoon, women",,Saskatoon Saskatchewan,2025
497,Wendy Sikora_15.jpg,CAPTION,The Lafferty women,"The Lafferty women, 1952. [Add the story here.]",,,,"1952, black and white, 1950-1975",,1952
505,Wendy Sikora_22.jpg,CAPTION,Smiling by the water,"Smiling by the water, Stony Rapids, 1945. [Add the story here.]",,,,"1925-1950, 1945, landscape, Stony Rapids, outdoors, lake, black and white",Stony Rapids Saskatchewan,1945
521,Wendy Sikora_37.jpg,CAPTION,Wendy Sikora 37,"Wendy Sikora 37, 2025. [Add the story here.]",,,,"water, lake",,2025
528,Wendy Sikora_43.jpg,CAPTION,Annetoinette's Wedding,"Annetoinette's Wedding, Winnipeg, 1955. [Add the story here.]",,,,"wedding, 1950-1975, 1955",Winnipeg Manitoba,1955
